first_name,last_name,salary,start_date,gender,remote,team
Haleigh,Calderhead,334473,05-09-20,,TRUE,management
Haleigh,Calderhead,334473,05-09-20,,TRUE,management
Haleigh,Calderhead,334473,05-09-20,,TRUE,management
Jaime,Gianneschi,253523,09-02-20,Bigender,FALSE,marketing
Jaime,Gianneschi,253523,09-02-20,Bigender,FALSE,marketing
Auberta,Whistlecraft,510781,,Polygender,FALSE,engineering
Devland,Cominetti,194815,1/16/2021,Bigender,FALSE,engineering
Sarah,Feather,553617,04-05-20,,TRUE,data analytics
Andromache,McAviy,562931,9/15/2020,Non-binary,TRUE,management
Susanna,Ivachyov,873134,11/19/2020,Agender,FALSE,engineering
Gray,Ghirigori,972661,5/29/2020,,FALSE,marketing
Malissa,Billett,492837,09-01-20,,FALSE,management
Dani,Withinshaw,152136,11-08-20,Genderfluid,TRUE,data analytics
Garik,Massingham,378504,1/21/2021,Genderfluid,TRUE,management
Alfred,Paraman,234494,1/19/2021,Female,FALSE,data analytics
Hardy,Ethridge,578084,11/26/2020,Agender,FALSE,management
Wylma,Cowey,254555,11-08-20,Bigender,FALSE,marketing
Tiphani,Philip,531804,08-08-20,Genderqueer,FALSE,management
Free,Prangley,385983,09-12-20,Genderfluid,TRUE,engineering
Cointon,McRitchie,136751,04-12-20,Male,TRUE,marketing
Doria,Ladyman,223628,11-03-20,Male,TRUE,marketing
Dela,Colvin,482923,10/25/2020,Bigender,FALSE,marketing
Vonni,Bysaker,642502,11/22/2020,Non-binary,FALSE,engineering
Hoebart,Eates,508366,12-06-20,Genderfluid,FALSE,engineering
Edgardo,Batalini,404343,5/15/2020,Genderqueer,FALSE,marketing
Barbee,Reisk,139269,05-04-20,Polygender,TRUE,engineering
Vladamir,Romeril,702438,12-02-20,Non-binary,TRUE,marketing
Gayle,Erbe,259607,3/27/2020,Non-binary,FALSE,management
Carmella,Pacht,599103,06-05-20,Non-binary,FALSE,data analytics
Hershel,Bernasek,435872,09-04-20,Bigender,FALSE,data analytics
Ludovico,Stoeckle,627293,4/18/2020,Bigender,TRUE,management
Deana,Paolini,744215,6/28/2020,Agender,TRUE,marketing
Reina,Jenner,883961,2/27/2020,Non-binary,TRUE,data analytics
Cirilo,Huson,224642,5/25/2020,Bigender,FALSE,marketing
Julieta,Falconbridge,111472,02-04-20,Polygender,FALSE,data analytics
Ollie,Gribbins,956647,10-08-20,Male,FALSE,management
Caldwell,Nazair,326412,08-10-20,Genderfluid,FALSE,data analytics
Sharity,Aizikowitz,856634,4/30/2020,Genderfluid,TRUE,data analytics
Nicky,Kirimaa,245975,12/14/2020,Genderfluid,FALSE,engineering
Janice,Pevsner,400491,12-11-20,Polygender,FALSE,marketing
Issiah,Devin,972798,5/25/2020,Non-binary,FALSE,management
Gavin,Meugens,144726,5/30/2020,Genderqueer,FALSE,engineering
Blithe,Circuitt,987183,08-11-20,Polygender,FALSE,data analytics
Marlene,Snozzwell,449428,3/17/2020,Polygender,FALSE,engineering
Alyssa,Triebner,177637,,Genderfluid,FALSE,data analytics
Wendye,Tasker,964899,02-08-20,Male,FALSE,engineering
Ernst,Fishbourne,994191,10-10-20,Female,TRUE,data analytics
Adara,Wakes,727063,05-04-20,Genderfluid,FALSE,management
Maudie,Daft,565630,08-12-20,Polygender,TRUE,data analytics
Laurie,Orrett,764929,11/26/2020,Male,TRUE,data analytics
Cassaundra,Knevet,511076,1/20/2021,Male,FALSE,engineering
Lay,Clericoates,305830,7/29/2020,Agender,TRUE,engineering
Donia,Speight,328368,02-10-20,Polygender,FALSE,engineering
Cordelie,Godsal,970651,1/28/2021,Bigender,FALSE,management
Marion,Minogue,201401,9/24/2020,Genderqueer,FALSE,engineering
Willis,Downe,415130,10-02-20,Bigender,FALSE,engineering
Britta,Statersfield,717844,4/16/2020,Polygender,TRUE,data analytics
Ginevra,Berzin,379871,12/22/2020,Genderfluid,FALSE,engineering
Jeno,Harce,798641,10-12-20,Bigender,TRUE,data analytics
Gorden,Alessandretti,315911,9/25/2020,Bigender,TRUE,engineering
Clive,Lutty,452766,9/18/2020,Bigender,TRUE,data analytics
Bevon,Chaman,183298,6/29/2020,Genderfluid,FALSE,management
Carline,Crollman,355054,11/28/2020,Polygender,TRUE,data analytics
Timofei,Ackenhead,916900,10/14/2020,Male,TRUE,data analytics
Priscilla,Tavener,489463,6/21/2020,Genderfluid,FALSE,management
Ivory,MacMaster,848465,10-06-20,Female,FALSE,management
Isabelita,Giorgio,988088,4/21/2020,Bigender,TRUE,data analytics
Doloritas,Schanke,585014,12/27/2020,Male,TRUE,engineering
Ursuline,Surfleet,631021,08-11-20,,TRUE,data analytics
Evonne,Glisane,926770,09-11-20,Non-binary,FALSE,marketing
Moss,Kleinplac,886853,7/26/2020,Bigender,FALSE,data analytics
Daren,Paddie,809804,11/24/2020,Agender,FALSE,management
Corbett,Gibbings,263080,9/24/2020,Polygender,FALSE,marketing
Corrina,Chaloner,330510,,Male,FALSE,marketing
Abbi,Waby,433227,4/13/2020,Polygender,TRUE,marketing
Antonia,Kemery,986028,9/19/2020,Genderqueer,TRUE,management
Briggs,Maplesden,736681,3/29/2020,Genderqueer,TRUE,marketing
Claudio,Marie,853329,12-08-20,Agender,TRUE,management
Chrystel,Goligly,953316,10-12-20,Genderfluid,TRUE,data analytics
Wyn,Edden,565477,2/28/2020,Genderqueer,FALSE,management
Morna,Sessions,162030,06-11-20,Non-binary,FALSE,marketing
Idaline,Holgan,580887,11/30/2020,Bigender,TRUE,management
Esra,Nacci,595367,5/31/2020,Polygender,TRUE,engineering
Adrianne,Charte,573994,7/13/2020,Male,TRUE,management
Cecile,Jerzycowski,987315,9/23/2020,,TRUE,data analytics
Halie,Barns,670350,05-12-20,Agender,TRUE,data analytics
Ingmar,Cuesta,254625,10/29/2020,Female,FALSE,management
Alphonse,Wooland,434074,3/17/2020,Male,FALSE,data analytics
Rey,Jessel,189934,4/21/2020,Polygender,TRUE,marketing
Brockie,Scane,343533,02-07-20,Polygender,TRUE,engineering
Yehudi,Daniels,584648,2/21/2020,Genderfluid,FALSE,data analytics
Loutitia,Dunabie,778044,3/30/2020,Genderfluid,TRUE,management
Whitney,O' Dooley,578414,6/25/2020,Bigender,FALSE,data analytics
Grenville,Burwell,687303,08-09-20,Female,TRUE,management
Bone,Sinkings,541695,3/18/2020,Genderfluid,FALSE,management
Shurlocke,Lanon,616594,5/17/2020,Male,TRUE,engineering
Theressa,Mulleary,916037,3/15/2020,Bigender,TRUE,marketing
Stevy,McKeag,209336,5/31/2020,Male,TRUE,management
Oliver,Coleshill,127133,8/28/2020,Agender,FALSE,marketing
Coriss,MacTrusty,160668,09-09-20,Genderfluid,FALSE,engineering
Drusi,Ramsby,946232,2/15/2020,Non-binary,TRUE,management
Merell,Rickhuss,280388,6/30/2020,Genderfluid,FALSE,management
Diann,Schrader,392248,2/24/2020,Polygender,TRUE,data analytics
Orsola,Parkhouse,633371,07-10-20,Non-binary,TRUE,data analytics
Terrel,Wilkisson,283735,10/31/2020,Bigender,FALSE,marketing
Rozalie,Andriuzzi,152612,12-05-20,Non-binary,FALSE,management
Ase,Eassom,530597,6/16/2020,Female,TRUE,engineering
Courtney,Groarty,465049,5/31/2020,Female,FALSE,engineering
Randa,Tweedell,941519,11/13/2020,Non-binary,TRUE,data analytics
Millie,MacCollom,322714,4/18/2020,Polygender,TRUE,engineering
Whitney,Furze,793725,10/14/2020,Bigender,FALSE,management
Agnola,Hartigan,641720,7/29/2020,Female,FALSE,marketing
Gaby,Daingerfield,551524,3/25/2020,Agender,TRUE,data analytics
Pavlov,Steel,514600,5/31/2020,Polygender,FALSE,management
Juli,Clapshaw,697216,11/15/2020,Genderqueer,FALSE,data analytics
Sylvan,Thorneley,697506,7/19/2020,Male,FALSE,engineering
Orson,Lysaght,699568,6/23/2020,Male,TRUE,data analytics
Kassie,Lacelett,550415,9/14/2020,Agender,TRUE,engineering
Winny,Hache,260980,05-06-20,Male,FALSE,management
Mike,Sommerscales,264558,12/26/2020,,FALSE,management
Clemens,Normant,630083,11/13/2020,Polygender,FALSE,engineering
Brody,Grzeszczyk,391408,10/18/2020,Male,TRUE,marketing
Hebert,Kilroy,688352,3/23/2020,Genderfluid,FALSE,marketing
Chrystel,Basnall,259738,12/14/2020,Genderfluid,TRUE,marketing
Ann,Iglesias,711095,06-03-20,Polygender,TRUE,management
Sonny,Van Hove,632646,10/25/2020,Bigender,TRUE,management
Rolph,Backshaw,366141,07-01-20,Agender,TRUE,management
Emeline,Meakin,931065,04-11-20,Agender,TRUE,engineering
Ilyssa,Mayers,698399,06-04-20,Genderqueer,FALSE,marketing
Hyman,Bye,758704,10/29/2020,,FALSE,data analytics
Revkah,Dewfall,832538,10/29/2020,Polygender,FALSE,marketing
Rowland,Mattinson,553750,3/17/2020,Bigender,TRUE,data analytics
Oren,Dundin,851301,03-04-20,Genderqueer,FALSE,data analytics
Wynn,Sneezum,871824,9/24/2020,Male,FALSE,data analytics
Liliane,Pordall,589261,08-08-20,Bigender,TRUE,marketing
Adriana,Mallen,275451,9/23/2020,Agender,FALSE,data analytics
Willi,Sidwick,422252,1/13/2021,Female,TRUE,engineering
Stormie,Barthram,322954,1/29/2021,Genderqueer,TRUE,marketing
Randa,Visick,114061,05-04-20,,FALSE,marketing
Rena,Caudrey,326183,11-09-20,Agender,FALSE,engineering
Hobey,Jeaneau,157301,02-05-20,Female,TRUE,marketing
Eldredge,Banaszczyk,625743,12/21/2020,Bigender,FALSE,engineering
Aluino,Kubal,413941,7/24/2020,Female,TRUE,management
Hamnet,Wipfler,284895,05-05-20,,FALSE,management
Celine,Eakins,199060,04-10-20,Male,TRUE,engineering
Giulia,Vasilechko,797045,05-01-20,Bigender,FALSE,marketing
Clarey,Burnie,390753,1/27/2021,Female,TRUE,data analytics
Herminia,Buckby,685437,03-01-20,Non-binary,FALSE,marketing
Dolley,Adamec,180247,10/27/2020,Genderqueer,TRUE,data analytics
Jena,Oxe,334790,8/28/2020,Non-binary,TRUE,data analytics
Tania,Doumerque,652919,05-12-20,Female,TRUE,marketing
Shay,Saberton,673638,08-07-20,Male,FALSE,engineering
Bethany,Jonathon,766292,5/15/2020,Polygender,TRUE,management
Blaire,Denisard,983101,7/28/2020,Agender,TRUE,management
Giffer,Yateman,802494,10-05-20,Genderqueer,FALSE,engineering
Krystyna,Hayler,873322,10/28/2020,Male,FALSE,management
Georgie,Burdekin,178224,8/15/2020,Female,FALSE,data analytics
Tobye,Denziloe,718752,2/18/2020,Non-binary,FALSE,management
Consuelo,Dearnly,979201,6/15/2020,Genderqueer,FALSE,data analytics
Lyn,Huske,906284,11/26/2020,Agender,FALSE,engineering
Glenden,Fearon,557096,6/23/2020,Genderfluid,FALSE,engineering
Mike,Chedzoy,388715,08-11-20,Male,TRUE,data analytics
Anson,Bourget,151699,9/18/2020,Genderfluid,FALSE,management
Bethany,Carthew,612868,2/25/2020,Female,TRUE,data analytics
Cordula,Drogan,285639,01-10-21,Bigender,FALSE,marketing
Curt,Pryn,566370,06-05-20,Male,TRUE,engineering
Sharon,Anespie,673548,4/17/2020,Genderfluid,TRUE,management
Derril,Zukerman,716200,03-05-20,Genderfluid,TRUE,engineering
Welsh,Chesshyre,794385,04-03-20,Agender,FALSE,management
Tyler,Pierro,373484,1/31/2021,Agender,TRUE,marketing
Keefe,Freckleton,892131,8/29/2020,Polygender,FALSE,management
Joseito,Leavy,361311,1/30/2021,Non-binary,TRUE,marketing
Ambrosius,Ridgway,650725,11-02-20,Bigender,TRUE,management
Carma,Matejka,882031,4/30/2020,,TRUE,data analytics
Arabella,Glitherow,469869,03-08-20,Agender,TRUE,marketing
Lexi,Eastgate,194376,3/30/2020,Bigender,FALSE,engineering
Doro,Tole,600668,7/18/2020,Non-binary,FALSE,engineering
Raimund,Finicj,954934,12/16/2020,Polygender,FALSE,data analytics
Delinda,Kaasman,754837,8/29/2020,Male,FALSE,data analytics
Constantina,Burnsides,515011,9/27/2020,Non-binary,FALSE,marketing
Harold,Fransson,348816,9/29/2020,Non-binary,FALSE,marketing
Dehlia,Sprott,211338,8/31/2020,Agender,TRUE,engineering
Hilario,Coddington,179114,2/18/2020,Polygender,TRUE,marketing
Catherine,Harbert,932262,4/30/2020,Non-binary,TRUE,engineering
Jock,Southwick,414029,8/28/2020,Genderqueer,FALSE,marketing
Byrle,Chatband,605592,10/19/2020,Polygender,TRUE,marketing
Cherri,Macallam,678876,04-01-20,Polygender,FALSE,marketing
Aeriela,Ablewhite,357296,5/19/2020,Agender,FALSE,engineering
Olia,Twinterman,784193,11/25/2020,Polygender,TRUE,marketing
Gabby,Kinnock,909456,09-04-20,Genderqueer,TRUE,marketing
Charmaine,Gascoine,451676,1/16/2021,Agender,TRUE,marketing
Terry,Rives,995927,11/14/2020,Non-binary,TRUE,data analytics
Keslie,Benesevich,431890,10/16/2020,Female,FALSE,management
Willem,Coulthard,943381,7/13/2020,Bigender,TRUE,management
Carlos,Trethowan,573157,01-12-21,Genderfluid,TRUE,data analytics
Dimitri,Cozens,791044,9/14/2020,Polygender,FALSE,management
Serge,Linwood,385657,9/20/2020,Male,FALSE,data analytics
Jane,Woods,944023,08-12-20,Agender,FALSE,data analytics
Davidde,Hassur,475194,10/21/2020,Genderfluid,TRUE,data analytics
Dot,Barnbrook,103660,3/13/2020,Male,FALSE,management
Kermy,Cleveland,156686,05-10-20,Polygender,FALSE,engineering
Datha,Leyban,256662,2/16/2020,,FALSE,engineering
Benedetta,Rennels,643956,,Female,FALSE,engineering
Fredericka,Byway,794372,1/17/2021,Non-binary,TRUE,engineering
Ruthann,Fullom,288246,11/29/2020,Female,FALSE,data analytics
Cati,Hendrickson,997426,05-06-20,Non-binary,FALSE,marketing
Didi,Cowill,175578,01-06-21,Agender,FALSE,management
Bay,Killimister,354669,04-06-20,Non-binary,FALSE,engineering
Conny,Iaduccelli,119264,,Female,FALSE,management
Asa,Fynan,227895,3/21/2020,Bigender,TRUE,management
Jo ann,Gladtbach,126421,6/19/2020,Genderqueer,TRUE,data analytics
Aloin,Sakins,803174,8/19/2020,Polygender,TRUE,marketing
Pancho,Densie,197546,10-03-20,Agender,FALSE,data analytics
Brandea,Lyenyng,443060,11/18/2020,Genderqueer,FALSE,management
Adriano,Ianson,903959,4/21/2020,Non-binary,FALSE,data analytics
Mario,Kira,260725,7/22/2020,Genderfluid,FALSE,engineering
Danica,Moorman,642616,3/29/2020,Non-binary,TRUE,engineering
Ronny,Gaisford,939459,09-08-20,Polygender,TRUE,management
Hermina,Doogue,855328,12/15/2020,Non-binary,TRUE,engineering
Frasquito,Molian,422444,07-07-20,Genderfluid,FALSE,engineering
Layla,Blenkinsopp,127842,01-11-21,Agender,TRUE,engineering
Thaxter,Blackey,887720,3/13/2020,Polygender,TRUE,data analytics
Papagena,Bexon,402073,11/22/2020,Bigender,FALSE,engineering
Georgeta,Hargey,237863,3/16/2020,Bigender,TRUE,management
Burtie,Bowller,778044,,Agender,FALSE,marketing
Linnell,Kaesmakers,881821,11/16/2020,Genderfluid,TRUE,data analytics
Morissa,Bulch,528848,2/25/2020,Non-binary,TRUE,marketing
Brandea,McCook,948071,11-11-20,Polygender,FALSE,management
Marin,Hopkins,329930,03-10-20,Bigender,FALSE,marketing
Tressa,Ixer,625357,10/14/2020,Female,TRUE,engineering
Carolee,Culley,447588,03-09-20,Polygender,TRUE,engineering
Franciskus,Vowles,791687,3/18/2020,Bigender,FALSE,management
Esmaria,Adamou,918635,10/19/2020,Genderqueer,FALSE,engineering
Chrysa,Le Gallo,565324,3/17/2020,Female,FALSE,engineering
Yolane,Woolcocks,977267,12/18/2020,Agender,FALSE,management
Lazaro,MacGilrewy,393017,02-06-20,Genderqueer,FALSE,engineering
Hughie,Keysall,949961,06-12-20,Male,FALSE,management
Worthy,Qusklay,954399,9/25/2020,Non-binary,TRUE,marketing
Elinore,McKinlay,283899,11/30/2020,Male,TRUE,management
Sandor,Rogerot,931685,6/27/2020,Female,TRUE,management
Juieta,Alyutin,995710,7/14/2020,Non-binary,FALSE,data analytics
Corty,Pyburn,502012,02-07-20,Non-binary,TRUE,management
Latrina,Thoumas,333784,12-11-20,Polygender,TRUE,engineering
Daron,Gregoire,389802,12/14/2020,Genderfluid,FALSE,data analytics
Ash,Trethewey,404208,8/15/2020,Genderfluid,FALSE,data analytics
Ronny,Doughty,250048,06-12-20,Genderqueer,TRUE,management
Kattie,Abdon,589227,9/28/2020,Male,TRUE,engineering
Edee,Mapples,487076,09-05-20,Polygender,TRUE,management
Mab,Caldwall,157970,10-06-20,Agender,FALSE,marketing
Sayers,Trotter,502059,1/24/2021,Female,FALSE,management
Isidora,Fyndon,334100,09-12-20,Non-binary,TRUE,marketing
Eberto,Loweth,986711,6/27/2020,Genderqueer,FALSE,marketing
Jules,de Savery,738255,12/15/2020,Female,FALSE,marketing
Ronnie,Canter,450528,08-06-20,Agender,TRUE,data analytics
Joel,Taillant,358274,06-11-20,Bigender,FALSE,management
Vina,Pettegre,768312,8/27/2020,Agender,TRUE,management
Trumann,Yexley,561570,10/18/2020,Bigender,FALSE,data analytics
Winny,Antonutti,123855,07-07-20,Non-binary,FALSE,marketing
Emmalee,Jedrysik,255528,10-09-20,Non-binary,TRUE,engineering
Sue,Gravett,661916,3/14/2020,Genderqueer,FALSE,engineering
Ted,Robben,713087,07-08-20,Agender,FALSE,engineering
Jacobo,Bringloe,153661,7/16/2020,Genderqueer,FALSE,data analytics
Allianora,Kuban,485137,05-11-20,Male,TRUE,marketing
Jacquelyn,Wakenshaw,267669,11-12-20,Male,TRUE,data analytics
Guthrey,Fazzioli,910502,12/23/2020,Female,TRUE,engineering
Hailee,O'Callaghan,370443,03-01-20,Genderqueer,TRUE,management
Morgana,Kick,910766,2/20/2020,Polygender,FALSE,engineering
Boonie,Silbermann,460926,3/23/2020,Non-binary,FALSE,engineering
Barthel,Baroche,847409,01-11-21,Polygender,TRUE,data analytics
Jacinthe,Juzek,689585,05-02-20,Agender,TRUE,management
Nerita,Wayte,684972,11/16/2020,Genderfluid,FALSE,management
Yance,Sturdgess,438192,01-12-21,Agender,FALSE,engineering
Virgil,Bernardot,575861,06-12-20,Male,TRUE,management
Cesare,Impey,260207,12/28/2020,Female,FALSE,marketing
Tabbi,Buist,672401,11/26/2020,Male,FALSE,marketing
Darsey,Mordie,736585,1/26/2021,Male,TRUE,engineering
Wendell,Fennessy,434235,12/25/2020,Male,FALSE,marketing
Julee,MacKean,297545,06-08-20,Polygender,TRUE,data analytics
Rori,Hargate,583802,4/27/2020,Male,FALSE,marketing
Thedrick,Tomblett,887227,3/18/2020,Agender,FALSE,data analytics
Frederich,Aulsford,186045,8/23/2020,Female,TRUE,marketing
Morlee,Candlin,964531,6/13/2020,Polygender,FALSE,management
Mace,Chiswell,718977,7/28/2020,Polygender,FALSE,data analytics
Kikelia,Dunne,389606,12-11-20,Agender,FALSE,data analytics
Tedie,Jowitt,892881,5/18/2020,Genderfluid,TRUE,data analytics
Anatole,Kaufman,887849,,Agender,FALSE,marketing
Glynda,Greson,366521,01-01-21,Non-binary,FALSE,data analytics
Marwin,MacTrustie,527827,11/20/2020,Bigender,TRUE,data analytics
Suzette,Isacsson,173782,7/22/2020,Genderqueer,FALSE,engineering
Beatrisa,McEneny,528434,06-03-20,Bigender,TRUE,data analytics
Jerrome,Bascombe,658603,4/20/2020,Female,FALSE,marketing
Marchall,Gitting,432436,,Agender,FALSE,management
Arlie,Stodit,846001,10/28/2020,Male,FALSE,marketing
Kikelia,Theodoris,442025,04-06-20,Non-binary,FALSE,data analytics
Jessika,Figures,742131,1/27/2021,Genderqueer,TRUE,management
Lotti,Yewdall,315287,12/30/2020,Male,TRUE,engineering
Baxter,Dabner,969869,8/31/2020,Male,FALSE,management
Hans,Dougherty,332978,3/24/2020,Polygender,FALSE,marketing
Bella,Renoden,193735,06-08-20,Genderfluid,TRUE,management
Daphne,Jillitt,135834,8/23/2020,Genderqueer,TRUE,management
Sandy,Dunmore,600379,1/25/2021,Genderqueer,FALSE,marketing
Aldrich,Fasey,289508,04-08-20,Male,TRUE,marketing
Margaretta,Airs,587256,04-10-20,Polygender,FALSE,marketing
Ernestine,Carnachen,424097,3/21/2020,Bigender,FALSE,management
Wandie,Elverstone,355554,1/28/2021,Female,FALSE,marketing
Glynis,Websdale,353296,5/16/2020,Polygender,FALSE,data analytics
Cross,Ackenson,323590,5/26/2020,Agender,FALSE,data analytics
Tressa,Pobjoy,611694,8/22/2020,Male,FALSE,engineering
Ellynn,Assel,177008,,Non-binary,TRUE,marketing
Alikee,Gleeson,254767,11/22/2020,Genderqueer,TRUE,management
Charo,Clawe,297667,11/26/2020,Bigender,TRUE,data analytics
Maryann,Lucien,306349,12/27/2020,Bigender,FALSE,management
Caye,Dmitrichenko,906165,8/30/2020,Female,FALSE,data analytics
Priscella,Trevena,164645,05-09-20,Polygender,TRUE,marketing
Corinna,Guynemer,462713,11-07-20,Agender,TRUE,engineering
Kizzee,Drew,535355,10-11-20,Non-binary,TRUE,data analytics
Cacilie,Causley,736500,3/30/2020,Male,TRUE,engineering
Haley,Dewar,274132,1/18/2021,Genderfluid,FALSE,management
Camella,Frenzl,522634,8/23/2020,Bigender,TRUE,data analytics
Towny,Tippings,662192,10-07-20,Female,TRUE,data analytics
Tedra,Yurchenko,418784,7/25/2020,Genderqueer,FALSE,data analytics
Linn,Dedrick,680249,12-02-20,Agender,TRUE,marketing
Elissa,Dring,418527,12-12-20,Non-binary,TRUE,marketing
Othelia,Orleton,232925,9/28/2020,Male,FALSE,data analytics
Nilson,Griss,742484,12/26/2020,Male,FALSE,marketing
Tomaso,Bayly,701672,10-10-20,Polygender,TRUE,marketing
Berri,Fulton,654247,02-05-20,Female,FALSE,marketing
Allison,Sefton,853940,2/16/2020,Male,FALSE,marketing
Josepha,Chopin,372499,12/23/2020,Female,FALSE,marketing
Korella,Cowitz,240279,1/24/2021,Bigender,TRUE,data analytics
Mandel,Barmadier,848352,1/31/2021,Female,FALSE,marketing
Godfry,Rudeforth,408499,10/18/2020,Agender,FALSE,data analytics
Meta,Bogart,747013,01-08-21,Polygender,FALSE,engineering
Elisabetta,Enrigo,835480,01-03-21,Polygender,TRUE,marketing
Brody,Ragsdale,100752,01-10-21,Bigender,FALSE,management
Colby,Sheering,282025,10/16/2020,Genderfluid,FALSE,engineering
Bernette,Scrigmour,591366,08-11-20,,TRUE,data analytics
Pammy,Gethins,154875,11/13/2020,Agender,TRUE,data analytics
Hatty,Noor,419890,10/24/2020,Genderfluid,TRUE,marketing
Bianca,Whyffen,868326,5/23/2020,Bigender,TRUE,management
Joye,Evetts,241063,6/29/2020,Non-binary,FALSE,engineering
Ned,Ferryman,219334,5/20/2020,Agender,FALSE,marketing
Dulcinea,Johnikin,451123,10/19/2020,Non-binary,FALSE,engineering
Madalena,Chessun,148735,8/13/2020,Polygender,TRUE,data analytics
Ardyce,Stonebanks,364788,8/21/2020,Female,FALSE,management
Franklyn,Childes,245990,11/27/2020,Male,FALSE,data analytics
Rikki,Marshman,461507,5/24/2020,Genderqueer,FALSE,engineering
Rriocard,Pindar,215276,07-11-20,Polygender,FALSE,marketing
Cybill,Traynor,846967,6/21/2020,Male,FALSE,engineering
Doe,Rabbet,511272,5/17/2020,Non-binary,TRUE,management
James,Dubble,282819,09-11-20,Female,TRUE,engineering
Kory,Hovy,426422,10-05-20,,TRUE,marketing
Hartwell,Fortey,169787,4/15/2020,Bigender,TRUE,engineering
Morgen,Dorning,462450,02-03-20,Genderfluid,FALSE,engineering
Terrijo,Killford,186453,5/15/2020,Female,FALSE,data analytics
Jasmine,Cottesford,633409,,Agender,TRUE,engineering
Alley,Aitcheson,257771,07-05-20,Female,FALSE,engineering
Belle,Niesel,367756,04-05-20,Agender,FALSE,management
Diego,Edinborough,376463,09-07-20,Male,FALSE,data analytics
Stefanie,Neeves,779889,8/27/2020,Polygender,TRUE,marketing
Kora,Alstead,353032,3/13/2020,Genderqueer,FALSE,data analytics
Willetta,Jupe,687152,03-10-20,Genderqueer,TRUE,data analytics
Leonardo,Duignan,591031,03-03-20,Male,FALSE,data analytics
Claribel,Reisenstein,141251,,Agender,TRUE,marketing
Walker,Guys,351367,11-10-20,Bigender,TRUE,management
Dean,Radclyffe,255162,7/17/2020,Non-binary,TRUE,management
Hilly,Midgley,515714,01-07-21,Male,TRUE,data analytics
Cris,Ebbett,590135,12/26/2020,Non-binary,FALSE,data analytics
Candy,Brockest,782902,6/28/2020,Genderqueer,FALSE,data analytics
Carmon,Paddison,983876,06-09-20,Genderfluid,FALSE,marketing
Avrit,Finkle,108452,2/21/2020,Genderfluid,TRUE,management
Adrianne,Fishbourne,530451,07-04-20,Polygender,TRUE,marketing
Milo,Tucker,690798,05-11-20,Male,TRUE,data analytics
Benedict,Orgee,801884,8/13/2020,Non-binary,FALSE,engineering
Edythe,Kempston,810735,02-05-20,Non-binary,TRUE,management
Myrlene,Garroway,423302,12-09-20,Agender,FALSE,marketing
Oswald,Jellard,144996,11-06-20,Female,TRUE,management
Norbie,Dodridge,391394,7/27/2020,Non-binary,FALSE,management
Chrotoem,Freiburger,947988,10-02-20,Male,TRUE,marketing
Ynes,Hawkswood,123094,12-07-20,Female,TRUE,engineering
Goldy,Danser,258909,12-12-20,Non-binary,TRUE,marketing
Vanny,Blazewicz,463349,09-01-20,Genderfluid,TRUE,marketing
Rhys,Sacchetti,658833,6/26/2020,Male,FALSE,engineering
Roseanna,Harome,463729,7/17/2020,Polygender,TRUE,management
Grata,Dyers,770722,07-03-20,Agender,TRUE,engineering
Isak,Siret,692634,12/21/2020,Genderqueer,FALSE,management
Consalve,Ottey,334231,03-12-20,Female,FALSE,engineering
Barron,Glyssanne,279912,12/18/2020,Non-binary,TRUE,management
Jeannie,Fullwood,691691,3/17/2020,Non-binary,FALSE,management
Cyrille,Ferrey,320232,9/30/2020,Genderqueer,FALSE,management
Florence,Bugge,541979,08-06-20,Male,TRUE,management
Warner,Naisbitt,949564,3/27/2020,Genderqueer,FALSE,marketing
Kerry,Argent,460659,5/24/2020,Genderfluid,TRUE,marketing
Archibaldo,MacKenzie,499718,12-09-20,Bigender,FALSE,management
Vivian,Fluger,307886,2/24/2020,Agender,TRUE,management
Marlee,Dows,543124,01-06-21,Male,FALSE,management
Gill,Anderbrugge,393852,7/14/2020,Female,FALSE,engineering
Colver,Camili,812056,01-10-21,Female,FALSE,management
Hale,Willmont,676300,9/15/2020,Bigender,TRUE,engineering
Perry,Kunc,156773,03-01-20,Female,FALSE,data analytics
Irina,Fairman,959617,02-04-20,Agender,TRUE,marketing
Danila,Waterfield,303458,2/25/2020,Genderfluid,TRUE,marketing
Vittorio,Crimp,865712,09-10-20,Genderfluid,FALSE,data analytics
King,Suddaby,955236,12/16/2020,Genderfluid,FALSE,engineering
Jobye,Worton,866288,01-12-21,,TRUE,management
Elaine,Du Hamel,699144,9/17/2020,Polygender,FALSE,management
Towny,Roback,932998,10-05-20,Female,FALSE,marketing
Derron,Lusted,130746,7/25/2020,Non-binary,TRUE,data analytics
Gerrie,Giovannacci,644641,3/19/2020,Bigender,FALSE,management
Maxy,Sudlow,303183,1/21/2021,Male,TRUE,data analytics
Arty,Alsobrook,422051,08-12-20,Genderfluid,FALSE,marketing
Pamelina,Ionnisian,327376,8/21/2020,,FALSE,marketing
Rozele,Sessuns,811134,1/17/2021,Female,TRUE,management
Gordie,Fiddeman,748707,5/14/2020,Agender,FALSE,engineering
Sanson,Temlett,582635,09-01-20,Non-binary,TRUE,data analytics
Constantino,Newberry,705763,7/21/2020,Genderqueer,TRUE,data analytics
Coleen,McGarrahan,274630,07-08-20,Female,FALSE,marketing
Gussy,Carbett,396513,10-11-20,Genderqueer,FALSE,management
Lucais,Linley,480619,1/20/2021,Bigender,TRUE,engineering
Ransell,Antonignetti,178648,06-04-20,Non-binary,TRUE,management
Suzy,Luckham,574613,09-10-20,Genderfluid,FALSE,data analytics
Bernadene,Damper,485095,02-08-20,Genderqueer,FALSE,marketing
Christabel,Tradewell,286367,3/18/2020,Agender,TRUE,data analytics
Humbert,Deetlefs,955638,9/25/2020,Polygender,FALSE,marketing
Alberto,Penritt,893906,4/22/2020,Agender,TRUE,marketing
Birdie,Dennis,755410,03-11-20,Genderqueer,TRUE,data analytics
Eli,Zanicchi,263188,10-05-20,Male,TRUE,data analytics
Swen,Crus,907714,3/22/2020,Female,TRUE,engineering
Mattias,Sillis,818044,07-04-20,Bigender,FALSE,marketing
Tracy,Kohrding,863060,3/25/2020,Genderqueer,TRUE,management
Hallsy,Cullen,678630,9/15/2020,Male,TRUE,marketing
Sascha,Colleer,756899,3/20/2020,Male,FALSE,marketing
Padraic,Liddington,329032,11-10-20,Female,FALSE,data analytics
Brandie,Trehearne,738872,03-06-20,Bigender,TRUE,management
Dione,Rahill,790370,9/14/2020,Non-binary,FALSE,data analytics
Jonie,Bottell,764239,05-05-20,Genderqueer,TRUE,data analytics
Chaunce,Elkin,547757,12/13/2020,Polygender,TRUE,management
Jaimie,Gotter,294878,12/22/2020,Genderqueer,FALSE,data analytics
Nial,Gellately,118721,06-02-20,,TRUE,engineering
Brina,MacGaughie,169678,03-06-20,Female,TRUE,data analytics
Roi,Defew,852785,03-08-20,Genderqueer,FALSE,data analytics
Jacques,Money,120342,10/31/2020,Agender,TRUE,marketing
Daune,Painter,845528,2/21/2020,Male,TRUE,data analytics
Conan,Wimes,435710,11/20/2020,Genderfluid,TRUE,data analytics
Inge,Renton,409248,10/28/2020,Female,FALSE,engineering
Tyne,Tewes,484993,5/23/2020,Polygender,FALSE,engineering
Sibylla,Wintersgill,122065,12/31/2020,Polygender,TRUE,marketing
Antonella,Menendez,932717,04-11-20,Genderfluid,FALSE,data analytics
Marne,Labba,679158,6/15/2020,Non-binary,TRUE,engineering
Ewell,Bone,830571,07-11-20,Genderqueer,FALSE,management
Corbet,Strong,901275,05-02-20,Male,FALSE,marketing
Sherye,Weinberg,368803,12-11-20,Agender,TRUE,marketing
Gusty,Biddlestone,361829,5/30/2020,Agender,FALSE,data analytics
Starla,Harget,792122,11/23/2020,Non-binary,FALSE,marketing
Lucia,Maker,682525,10-01-20,Non-binary,TRUE,engineering
Egan,Dollin,105905,03-07-20,Agender,FALSE,management
Blithe,Gay,338102,02-09-20,Male,TRUE,marketing
Stefano,Hulatt,462423,05-02-20,Male,FALSE,marketing
Tildi,Sprey,419284,02-12-20,Genderfluid,FALSE,data analytics
Merline,Cockhill,629495,08-09-20,Genderqueer,TRUE,data analytics
Ciel,Tellenbroker,527049,11-03-20,Female,TRUE,management
Sacha,Blodg,462827,11-03-20,Genderfluid,TRUE,data analytics
Allegra,Fargher,938158,01-04-21,Genderqueer,FALSE,engineering
Melantha,Filson,858645,11/29/2020,Agender,TRUE,data analytics
Datha,Kennealy,795372,8/15/2020,Non-binary,TRUE,management
Hurleigh,Stedall,699627,7/28/2020,Male,TRUE,marketing
Tamarah,Mor,839520,07-04-20,Polygender,TRUE,marketing
Page,Maskrey,501465,11-10-20,Female,TRUE,management
Boyd,Chasemoore,429284,5/20/2020,Bigender,FALSE,engineering
Augustine,Vobes,822152,3/27/2020,Bigender,TRUE,management
Dianemarie,Ackerley,193155,02-05-20,Genderfluid,FALSE,data analytics
Rina,Hallawell,659508,11-06-20,Polygender,FALSE,management
Basilio,Hartless,115783,12/20/2020,Genderqueer,FALSE,engineering
Enos,Pelfer,408695,03-02-20,Agender,FALSE,management
Anny,Joselson,695748,03-09-20,Male,FALSE,engineering
Elly,Blaik,369838,8/23/2020,Genderqueer,TRUE,management
Zita,Bewicke,198218,12-11-20,Female,TRUE,data analytics
Michael,Gumley,357456,2/28/2020,Bigender,TRUE,data analytics
Gordy,Doberer,923441,12-01-20,,TRUE,management
Gayle,Peirson,292239,10/29/2020,Genderfluid,FALSE,data analytics
Tallou,Forsaith,255794,12/29/2020,Polygender,FALSE,management
Basile,Reach,679555,05-10-20,Male,TRUE,marketing
Shandee,Dulen,411583,7/23/2020,Bigender,TRUE,marketing
Harlen,Elvin,946489,8/17/2020,Bigender,FALSE,engineering
Linea,Balwin,728696,11-09-20,Polygender,FALSE,data analytics
Corrina,Chatburn,338410,08-02-20,Polygender,FALSE,marketing
Aylmar,Linn,221444,07-03-20,Bigender,FALSE,marketing
Maridel,Demke,105860,06-05-20,Female,FALSE,marketing
Ilaire,Zambon,503072,9/20/2020,Male,FALSE,management
Veriee,Beartup,918144,1/19/2021,Bigender,FALSE,marketing
Brocky,Belbin,151996,07-03-20,Non-binary,FALSE,data analytics
Tamqrah,MacCard,893986,07-07-20,Female,FALSE,engineering
Eulalie,Franzonello,854649,12/14/2020,Male,FALSE,data analytics
Melly,Bowcher,844783,06-07-20,,TRUE,management
Malissia,Brokenshire,966995,12-12-20,Non-binary,FALSE,management
Shaine,Janssens,954319,8/27/2020,Genderfluid,TRUE,data analytics
Alexandra,Blackett,122801,7/27/2020,Agender,TRUE,marketing
Ellwood,Knill,379169,05-07-20,Genderfluid,FALSE,management
Fina,Turley,896636,6/23/2020,Polygender,FALSE,engineering
Mikael,Sumner,901840,9/29/2020,Genderfluid,FALSE,engineering
Cherice,Mordue,327790,04-12-20,Male,FALSE,data analytics
Xylia,Borrett,592449,06-06-20,Genderfluid,FALSE,data analytics
Marsiella,Bundey,720441,05-09-20,Genderfluid,TRUE,management
Pembroke,Greenmon,353573,5/23/2020,Agender,TRUE,management
Linus,Lambirth,649920,07-12-20,Genderfluid,FALSE,marketing
Alyce,McGurgan,388772,3/23/2020,Genderqueer,TRUE,data analytics
Anne-corinne,Ivery,972823,10-07-20,Genderqueer,TRUE,management
Derk,Huzzey,729717,1/14/2021,Genderfluid,FALSE,data analytics
Etti,Bollini,398870,07-05-20,Genderqueer,TRUE,marketing
Nickie,Scully,534675,12-11-20,Polygender,FALSE,data analytics
Walsh,Bowdon,657106,9/23/2020,Agender,FALSE,management
Gav,Whytock,460952,4/16/2020,Bigender,TRUE,data analytics
Sax,Jordeson,637607,02-05-20,Polygender,TRUE,engineering
Agatha,Haresnaip,318573,7/20/2020,Genderfluid,FALSE,marketing
Olivia,Ledwidge,508151,8/23/2020,Polygender,TRUE,engineering
Farrah,Sallans,431863,11/28/2020,Genderfluid,FALSE,management
Xenia,Sleeford,158945,6/13/2020,Non-binary,TRUE,marketing
Hurleigh,Nunnery,304710,03-06-20,Genderfluid,TRUE,marketing
Christyna,Ivashov,699506,01-04-21,Bigender,FALSE,data analytics
Evangelin,Lezemere,791534,1/15/2021,Male,TRUE,marketing
Eadie,Hounsome,423336,7/29/2020,Genderfluid,TRUE,marketing
Curr,Helgass,384025,12/15/2020,Agender,FALSE,marketing
Molly,Goodread,945115,7/24/2020,Male,FALSE,management
Onofredo,Mahaddy,747719,2/18/2020,Genderqueer,TRUE,marketing
Riobard,Hickin,709643,12-04-20,Agender,TRUE,engineering
Mina,Bakhrushin,312740,8/19/2020,Genderqueer,FALSE,marketing
Nonah,Tweedlie,815771,12/20/2020,Female,TRUE,management
Reinwald,Ricold,324431,4/14/2020,Genderfluid,FALSE,data analytics
Lorelle,Bier,169461,9/24/2020,Bigender,TRUE,marketing
Caron,Drinan,640295,3/27/2020,Non-binary,TRUE,data analytics
Nari,Ondrich,718061,1/18/2021,Polygender,FALSE,data analytics
Anitra,Pawsey,429990,10/24/2020,Bigender,TRUE,engineering
Jedidiah,Bees,510238,8/27/2020,Female,TRUE,engineering
Flynn,Romer,344427,12-08-20,Genderfluid,TRUE,data analytics
Caressa,Revie,247836,06-03-20,Non-binary,TRUE,marketing
Abby,August,280480,08-10-20,Polygender,TRUE,data analytics
Almeda,Lumly,559637,06-02-20,Male,FALSE,data analytics
Amelie,Pembery,242980,7/24/2020,Male,FALSE,marketing
Larisa,Hague,145936,10/30/2020,Bigender,TRUE,marketing
Helena,Montacute,433724,8/25/2020,Non-binary,TRUE,management
Zara,Carbin,848862,1/26/2021,Non-binary,TRUE,data analytics
Caresa,Van Bruggen,849822,10-05-20,Genderfluid,TRUE,management
Dedra,Sisson,617146,2/18/2020,Agender,TRUE,engineering
Myer,Gatherer,531530,05-08-20,Agender,FALSE,data analytics
Silvana,Mularkey,550808,11/18/2020,Non-binary,TRUE,engineering
Avery,Manlow,878210,9/29/2020,Genderqueer,FALSE,data analytics
Rahel,Vasiliu,167019,8/29/2020,Polygender,TRUE,engineering
Deeanne,Markie,624800,07-04-20,Polygender,TRUE,data analytics
Obie,McElree,508192,3/20/2020,Polygender,TRUE,data analytics
Esme,Ference,981671,8/22/2020,Genderqueer,FALSE,engineering
Zachary,Herity,925381,10/23/2020,Non-binary,FALSE,data analytics
Lottie,McGeagh,392482,12/25/2020,Genderqueer,TRUE,marketing
Eb,Simacek,243819,11/23/2020,Agender,TRUE,data analytics
Alden,Chalker,387422,03-11-20,Female,FALSE,data analytics
Nye,Just,347426,8/17/2020,Male,TRUE,engineering
Averill,Ethington,139411,01-08-21,Genderqueer,TRUE,marketing
Tamqrah,Levick,294374,6/24/2020,Bigender,FALSE,management
Dewey,Sijmons,277589,07-03-20,Non-binary,TRUE,data analytics
Mallory,O'Mohun,266724,4/21/2020,Bigender,TRUE,engineering
Tine,Tanswell,433335,3/21/2020,Bigender,TRUE,management
Trixi,Vella,837778,8/21/2020,Female,TRUE,marketing
Vale,Bartoleyn,346119,12-03-20,Bigender,FALSE,engineering
Mano,Mildner,646196,12-04-20,Polygender,TRUE,marketing
Graham,Thunnerclef,599917,09-11-20,Polygender,FALSE,management
Cassie,Zaple,224600,12/28/2020,Agender,TRUE,data analytics
Falito,Clubbe,305460,04-08-20,Male,FALSE,marketing
Terence,Gomm,557276,6/24/2020,Genderqueer,FALSE,management
Giordano,Extall,539352,12/15/2020,Bigender,FALSE,marketing
Niels,Moens,159439,06-04-20,Non-binary,TRUE,marketing
Marcela,Zettler,613018,8/31/2020,Genderfluid,FALSE,data analytics
Sayre,Doelle,404569,11-08-20,Bigender,TRUE,marketing
Bartlet,Cloney,457105,1/15/2021,,FALSE,data analytics
Kalila,Simeon,630925,10-02-20,Agender,TRUE,engineering
Branden,MacCleay,158537,3/17/2020,Male,TRUE,management
Alfonse,Bartosiak,797411,2/25/2020,Bigender,TRUE,management
Sal,Middiff,112197,,Polygender,FALSE,data analytics
Merridie,Pecha,360029,12-12-20,Male,FALSE,management
Ricki,Wycliffe,608550,7/17/2020,Female,FALSE,marketing
Rosanne,Causon,925524,8/30/2020,Female,FALSE,data analytics
Kendal,Lucia,682088,12-04-20,Non-binary,FALSE,marketing
Rollins,Killick,409647,05-08-20,Female,TRUE,data analytics
Dixie,Carlaw,864931,09-09-20,Genderqueer,FALSE,data analytics
Albie,Shallcross,464203,10/31/2020,Genderqueer,TRUE,data analytics
Miguel,Monery,973243,01-08-21,Female,FALSE,data analytics
Fidelio,Northgraves,579485,2/20/2020,Agender,TRUE,engineering
Mable,Church,444136,04-08-20,Genderfluid,TRUE,engineering
Yvette,Vasilischev,300495,3/24/2020,Genderfluid,TRUE,management
Issi,Turone,576843,6/17/2020,Genderqueer,TRUE,engineering
Levon,Manderson,969075,12-04-20,Agender,FALSE,engineering
Debor,Bavister,369832,,Bigender,FALSE,engineering
Egan,Kenderdine,550391,6/29/2020,Genderqueer,TRUE,management
Maddalena,Iacobacci,976129,6/18/2020,Male,TRUE,data analytics
Tanitansy,Lortz,396085,9/19/2020,Non-binary,FALSE,data analytics
Diannne,Negri,782393,11-04-20,Bigender,TRUE,marketing
Noami,Morena,905508,10-10-20,Agender,TRUE,data analytics
Leigh,Aspinal,528446,08-07-20,Non-binary,TRUE,management
Kristine,Ruberry,981863,5/25/2020,Female,FALSE,marketing
Drona,Whillock,253932,2/15/2020,Bigender,FALSE,marketing
Valeda,Dunnion,358348,9/16/2020,Female,FALSE,engineering
Geri,Troy,131815,6/18/2020,Non-binary,TRUE,data analytics
Stella,Partkya,650832,11-08-20,Genderqueer,TRUE,management
Roselle,MacNeilage,641893,10/25/2020,Genderqueer,FALSE,management
Emlyn,Childs,466030,7/26/2020,Bigender,FALSE,management
Harlie,Seeger,835035,4/29/2020,Female,FALSE,engineering
Dianna,Moody,627442,6/17/2020,Non-binary,FALSE,marketing
Egor,Bellany,551924,10-10-20,Genderqueer,TRUE,management
Elizabeth,Brugsma,285957,10/13/2020,Female,TRUE,data analytics
Louise,Denisyev,642666,,Female,TRUE,data analytics
Danella,Davana,256406,12/27/2020,Genderfluid,TRUE,marketing
Ernie,Boerder,928131,8/24/2020,Male,FALSE,management
Rheba,Whitfeld,650107,11-03-20,Agender,FALSE,marketing
Merla,Wavish,444094,12-03-20,Non-binary,TRUE,engineering
Anestassia,Jeannenet,525885,7/30/2020,Genderqueer,FALSE,management
Arline,Bertot,386951,12-03-20,Agender,TRUE,data analytics
Dietrich,Amort,144897,7/31/2020,Male,FALSE,engineering
Jeffry,Trynor,326526,1/14/2021,Female,FALSE,engineering
Erhard,Sawnwy,651107,1/28/2021,Non-binary,FALSE,data analytics
Jonis,Niblo,564427,3/20/2020,,TRUE,data analytics
Harriette,Limon,407138,7/15/2020,Genderqueer,FALSE,management
Aaron,Pohls,188614,1/29/2021,Male,TRUE,marketing
Deb,Eckery,506010,2/21/2020,Non-binary,TRUE,data analytics
Sonnie,Caps,268265,10-12-20,Non-binary,FALSE,marketing
Hunfredo,Pancoust,336280,5/16/2020,Non-binary,TRUE,engineering
Cortney,Gilks,734825,11-10-20,Female,FALSE,data analytics
Theodore,Monelle,372408,11/16/2020,Polygender,FALSE,engineering
Elli,Harman,757701,5/31/2020,Female,TRUE,data analytics
Humberto,Cartmael,840878,01-11-21,Non-binary,TRUE,engineering
Paton,Bisley,174086,8/28/2020,Genderfluid,FALSE,marketing
Tamiko,Stambridge,823879,6/21/2020,Genderfluid,TRUE,marketing
Tamra,Filippi,227458,10/25/2020,Genderqueer,FALSE,management
Wilma,Jewess,263290,6/27/2020,Genderqueer,TRUE,engineering
Salvidor,Doman,179946,4/16/2020,Bigender,TRUE,marketing
Amalita,Ferandez,194592,4/13/2020,Genderqueer,FALSE,marketing
Pearline,Petti,981252,03-01-20,Polygender,TRUE,management
Gwynne,Dimitrijevic,346936,2/22/2020,Genderfluid,FALSE,data analytics
Luce,Elmhirst,777463,04-09-20,Polygender,FALSE,marketing
Derwin,Royse,906130,09-07-20,Polygender,TRUE,marketing
Caddric,Cheng,619862,7/29/2020,Bigender,FALSE,data analytics
Claude,Caccavari,305406,5/19/2020,Bigender,TRUE,marketing
Sax,Denzey,685191,6/29/2020,Male,FALSE,marketing
Paula,Poate,495684,6/17/2020,Bigender,TRUE,marketing
Lissy,Benck,234498,5/22/2020,Polygender,TRUE,engineering
Gerard,Keysall,613225,03-06-20,Non-binary,TRUE,data analytics
Robbie,Kynforth,127113,12/28/2020,Male,FALSE,data analytics
Angus,Fursse,312288,02-11-20,Male,TRUE,marketing
Rosco,Fortun,229739,9/17/2020,Bigender,FALSE,engineering
Ravi,Jaime,350903,7/20/2020,Genderfluid,FALSE,marketing
Michele,Charley,946067,08-08-20,Polygender,FALSE,data analytics
Theodora,Kemer,613281,5/24/2020,Agender,TRUE,management
Wallie,Solley,821141,11/27/2020,,TRUE,marketing
Lefty,Gadson,378986,02-05-20,Male,FALSE,management
Cristobal,Redbourn,280311,12/16/2020,Female,FALSE,marketing
Woodrow,Radborn,786495,11-01-20,Bigender,TRUE,management
Niven,Alldre,395250,08-07-20,Female,TRUE,management
Reagen,Gibard,701609,6/21/2020,Genderfluid,TRUE,data analytics
Gwyneth,Abramowitch,599067,9/24/2020,Genderqueer,TRUE,engineering
Fanchette,Scripture,577740,8/23/2020,Bigender,TRUE,engineering
Kingsley,Garnul,396159,4/19/2020,Polygender,TRUE,engineering
Chelsy,Bucktharp,378508,03-08-20,Male,TRUE,marketing
Wilma,Ibell,601155,10/15/2020,Non-binary,FALSE,marketing
Godart,Gallehock,345997,1/26/2021,Male,TRUE,marketing
Garnette,Baird,298255,6/22/2020,Female,TRUE,management
Babette,Starmer,820782,04-04-20,Non-binary,FALSE,marketing
Waneta,Sadler,460170,07-11-20,Polygender,TRUE,marketing
Lev,Vankeev,595599,01-07-21,Male,TRUE,marketing
Sylvan,Humfrey,947719,08-10-20,Male,TRUE,engineering
Fletcher,Mapston,806670,5/31/2020,Genderfluid,FALSE,engineering
Sheelagh,Jeste,137954,1/13/2021,Male,TRUE,management
Fredelia,Choppen,350056,10/30/2020,Polygender,FALSE,management
Joycelin,Oaten,529059,11/14/2020,Female,TRUE,data analytics
Cherlyn,Earingey,270537,5/22/2020,Agender,TRUE,management
Evania,Scammell,345147,01-12-21,Polygender,FALSE,marketing
Bruis,Wegenen,187305,02-05-20,,TRUE,marketing
Gustaf,Borrows,937680,4/24/2020,Non-binary,TRUE,data analytics
Pembroke,Peatheyjohns,310843,07-10-20,Agender,FALSE,engineering
Zebulon,Lattimer,933655,7/25/2020,Male,TRUE,engineering
Daffy,Lodder,705482,02-03-20,Polygender,TRUE,management
Emmeline,Streets,555216,09-10-20,Polygender,TRUE,engineering
Renaud,Tender,892672,9/23/2020,Genderqueer,FALSE,data analytics
Inger,Cracknell,357252,07-02-20,Non-binary,FALSE,engineering
Clarinda,Deme,966049,09-09-20,Non-binary,TRUE,engineering
Serena,Paull,857621,3/16/2020,Genderfluid,TRUE,engineering
Joyan,Berthome,522988,5/16/2020,Genderfluid,FALSE,engineering
Caryl,Symmons,309172,9/20/2020,Agender,FALSE,engineering
Di,Gonnelly,490233,8/18/2020,Bigender,FALSE,engineering
Daisi,Sustins,830813,3/14/2020,Bigender,FALSE,management
Mohandas,Pledge,677254,3/14/2020,Genderqueer,TRUE,engineering
Jenn,Angus,755128,09-04-20,Agender,FALSE,engineering
Dayna,Sibray,507562,,Non-binary,FALSE,engineering
Corbin,Gullberg,855065,11/15/2020,Genderfluid,TRUE,engineering
Gare,Ennion,153825,02-04-20,Non-binary,TRUE,marketing
Irving,Grzelczyk,375976,8/24/2020,Genderqueer,TRUE,marketing
Clarinda,Dienes,273996,06-03-20,Genderfluid,TRUE,management
Charity,Hibbart,556916,3/19/2020,Agender,FALSE,marketing
Julee,Dranfield,703265,5/15/2020,Agender,TRUE,data analytics
Mona,Cropper,264638,2/28/2020,Bigender,FALSE,management
Malcolm,Prandy,722976,11/19/2020,Non-binary,FALSE,management
Devondra,Hebburn,864116,2/22/2020,Non-binary,FALSE,marketing
Bernie,Dionisetto,448460,10/20/2020,Female,FALSE,marketing
Julie,Evans,337469,8/27/2020,Genderqueer,TRUE,management
Myer,Gisby,189040,7/27/2020,Agender,TRUE,engineering
Jermaine,Valek,889629,08-01-20,Bigender,TRUE,engineering
Karalynn,MacRierie,868937,,Genderqueer,TRUE,management
Elianora,Sunner,697101,01-01-21,Non-binary,TRUE,marketing
Keri,Harrild,774979,,Genderqueer,TRUE,management
Arda,Winsome,824997,5/27/2020,Agender,TRUE,marketing
Joelynn,Lamar,499898,1/25/2021,Male,FALSE,engineering
George,Cuerda,179152,01-09-21,Bigender,FALSE,marketing
Keir,Alfwy,649521,7/13/2020,,TRUE,marketing
Claybourne,Laffling,882204,10/29/2020,Polygender,FALSE,data analytics
Homerus,Dowbekin,936235,3/19/2020,Male,FALSE,data analytics
Garry,Pointon,122165,9/15/2020,Female,TRUE,data analytics
Sunny,Franzetti,695698,06-12-20,Non-binary,FALSE,marketing
Junina,Witt,223298,2/13/2020,,FALSE,engineering
Kinsley,Prazer,625848,01-05-21,Non-binary,TRUE,data analytics
Karna,Palia,425075,4/26/2020,Polygender,TRUE,management
Esme,Gockeler,543483,08-03-20,Genderqueer,FALSE,engineering
Mady,Lomasney,334886,5/16/2020,Male,FALSE,management
Lishe,Hilliam,882890,05-11-20,Female,FALSE,marketing
Joycelin,Proschke,339824,9/23/2020,Bigender,FALSE,data analytics
Lory,Monaghan,711723,2/18/2020,Bigender,TRUE,data analytics
Isadore,Perassi,607993,5/28/2020,Male,TRUE,engineering
Lyndsie,Hake,935980,9/18/2020,Polygender,TRUE,management
Nickie,Yes,957160,7/13/2020,Male,TRUE,data analytics
Emlen,Passfield,880123,6/29/2020,Female,TRUE,management
Berk,Merrin,358155,12/15/2020,Female,FALSE,marketing
Otha,Sissot,255216,11/13/2020,Female,TRUE,marketing
Stephana,Micheli,959376,03-11-20,Polygender,TRUE,management
Keely,Wymer,860029,,Genderqueer,TRUE,marketing
Umberto,De Freitas,148470,04-03-20,Male,FALSE,marketing
Jard,Trayling,759983,3/15/2020,Genderqueer,TRUE,data analytics
Tadio,McInility,669810,10/14/2020,Polygender,TRUE,data analytics
Arin,Swannick,728101,01-11-21,Female,FALSE,engineering
Kellie,Hayen,627035,03-05-20,,FALSE,engineering
Marysa,Reijmers,595603,1/28/2021,Non-binary,TRUE,management
Goddart,Moneti,631517,6/25/2020,Genderfluid,FALSE,engineering
Paxon,Pibworth,544187,07-11-20,,FALSE,data analytics
Sabina,Witherby,926166,1/24/2021,Genderfluid,TRUE,engineering
Carlen,Pimley,844336,11/15/2020,Agender,FALSE,management
Rainer,McCuffie,960984,1/18/2021,Agender,FALSE,marketing
Dotti,Misk,481790,2/20/2020,Genderqueer,FALSE,marketing
Antoine,O'Daly,811392,10/31/2020,Agender,TRUE,data analytics
Loraine,Klaaasen,843498,6/19/2020,Agender,TRUE,engineering
Phylis,Basson,468711,3/28/2020,Female,TRUE,engineering
Joye,Thormwell,228390,,Non-binary,FALSE,engineering
Sigrid,Lepere,305346,4/13/2020,,FALSE,marketing
Cosme,Romeo,714000,2/13/2020,,TRUE,management
Lusa,Bonhan,563549,06-04-20,Non-binary,FALSE,management
Loren,Nyland,819387,1/20/2021,Bigender,FALSE,marketing
Rene,Toe,584932,7/20/2020,Female,TRUE,engineering
Nerty,Chenery,680202,12/29/2020,Genderqueer,TRUE,marketing
Arin,Pealing,190653,12-01-20,Bigender,TRUE,data analytics
Harp,Greenless,212073,,Male,TRUE,engineering
Dennie,Barde,758322,03-05-20,Male,FALSE,engineering
Marven,Pallis,586421,12/16/2020,Bigender,FALSE,management
Forrest,Fetters,270678,1/30/2021,Polygender,FALSE,data analytics
Gasparo,Wingatt,749604,9/13/2020,Male,FALSE,management
Doroteya,Walworth,107585,,Female,TRUE,data analytics
Shaine,Vales,914718,12-03-20,Agender,FALSE,management
Juliann,Livesey,334317,4/16/2020,Female,FALSE,engineering
Roldan,Elcock,798427,7/18/2020,Female,FALSE,engineering
Karoly,O'Doireidh,724953,9/23/2020,Female,FALSE,data analytics
Lucian,Newdick,545471,5/28/2020,Bigender,TRUE,marketing
Missy,Fleischmann,925586,11/23/2020,Polygender,FALSE,data analytics
Beniamino,Walas,888380,7/23/2020,Polygender,FALSE,engineering
Casper,Nolleau,200832,01-02-21,Male,TRUE,data analytics
Ariel,Costard,196975,11/13/2020,Non-binary,TRUE,engineering
Alice,Demeter,593256,1/21/2021,Female,TRUE,marketing
Ashia,Paudin,257481,1/29/2021,Bigender,FALSE,marketing
Fern,Magnar,114822,8/15/2020,Polygender,TRUE,data analytics
Devy,Aldhous,731785,05-12-20,Polygender,FALSE,marketing
Jazmin,Ionnidis,761273,4/13/2020,Genderqueer,FALSE,marketing
Reeta,Pennetti,811061,11-06-20,Non-binary,TRUE,management
Durant,Josovich,787315,08-06-20,Bigender,TRUE,marketing
Shae,Catcherside,628368,06-03-20,Genderqueer,FALSE,data analytics
Bobbee,Lombard,556188,12/21/2020,Bigender,FALSE,engineering
Bethena,MacCallester,690729,4/18/2020,Genderfluid,TRUE,engineering
Timmie,Dandie,739475,9/15/2020,Female,TRUE,marketing
Welch,Overpool,416707,11-01-20,Female,TRUE,data analytics
Jeannine,Jeves,863177,12/30/2020,Genderqueer,FALSE,data analytics
Audie,Boulger,403084,2/16/2020,Agender,FALSE,marketing
Em,Merton,366188,1/15/2021,Agender,TRUE,marketing
Ethelbert,Headley,255703,01-11-21,Male,TRUE,management
Zita,Follos,891648,10-09-20,Genderqueer,FALSE,marketing
Roberto,Higgen,477752,,Non-binary,TRUE,management
Sonya,Calbert,849388,06-04-20,Genderfluid,FALSE,engineering
Saw,Wincott,422588,3/20/2020,Non-binary,TRUE,marketing
Kaitlyn,Abramino,133860,07-12-20,Polygender,TRUE,management
Hobart,Terbruggen,719781,8/31/2020,Agender,TRUE,management
Davie,Fields,539572,5/15/2020,Female,FALSE,management
Roman,Baudins,844333,06-04-20,Non-binary,FALSE,management
Graham,Ferran,418425,10/25/2020,Non-binary,FALSE,marketing
Quint,Cato,136981,01-11-21,Polygender,TRUE,engineering
Pascale,Soldan,450886,08-07-20,Bigender,FALSE,management
Bonnee,McGougan,979482,6/26/2020,Polygender,FALSE,data analytics
Ignacius,d' Eye,657498,9/18/2020,Non-binary,TRUE,data analytics
Town,Asipenko,428555,1/31/2021,Polygender,FALSE,marketing
Hyman,Prator,119865,10/16/2020,Polygender,TRUE,engineering
Orelia,Pigdon,897785,7/14/2020,Genderqueer,FALSE,management
Malinda,Sarah,747398,9/23/2020,Genderfluid,FALSE,engineering
Levon,Davidofski,445993,9/20/2020,Genderqueer,TRUE,data analytics
Briggs,Dudmesh,787000,02-04-20,Female,TRUE,marketing
Kathleen,Hawson,149349,5/26/2020,Agender,FALSE,data analytics
Solly,Townsley,549385,10-10-20,Polygender,TRUE,engineering
Kean,Bater,404967,4/25/2020,Polygender,FALSE,marketing
Joete,Alsop,516787,6/20/2020,Agender,FALSE,management
Orson,MacDougal,270566,05-10-20,Female,FALSE,engineering
Dedra,Gegg,248043,3/27/2020,Polygender,FALSE,marketing
Candace,O'Lynn,180408,11-04-20,Female,TRUE,engineering
Melessa,Van de Castele,249281,12/23/2020,Male,FALSE,management
Kenyon,Daughtery,570294,05-07-20,Polygender,TRUE,management
Bernie,Asty,864231,4/25/2020,Genderfluid,TRUE,marketing
Sutherland,Order,535683,10-07-20,Female,TRUE,management
Cozmo,Fairlem,893293,4/18/2020,Genderfluid,FALSE,data analytics
Charisse,Edbrooke,422117,07-09-20,Agender,FALSE,engineering
Sophie,Salvidge,700057,03-05-20,Non-binary,TRUE,data analytics
Oby,Rapin,591019,11/30/2020,Female,TRUE,management
Luca,Lewzey,421967,06-05-20,Genderfluid,TRUE,engineering
Karlene,Sturte,314368,3/19/2020,Polygender,TRUE,data analytics
Shirley,Bengtson,150828,1/22/2021,Female,FALSE,data analytics
Pall,Clamo,392283,7/28/2020,Agender,TRUE,data analytics
Letizia,Gorrick,705779,12/27/2020,Bigender,FALSE,marketing
Augustine,Yukhnini,374683,5/22/2020,Non-binary,TRUE,marketing
Grissel,Leivesley,689770,05-06-20,Bigender,FALSE,data analytics
Jerald,Foxworthy,453822,12/15/2020,Bigender,FALSE,engineering
Glenden,Camois,871529,,Bigender,TRUE,data analytics
Graeme,Tremmil,439907,11/22/2020,Genderqueer,FALSE,engineering
Doug,McKeag,682792,4/14/2020,Male,TRUE,management
Brenden,Cristou,417847,7/30/2020,Female,FALSE,management
Caty,Mullally,839811,07-06-20,Bigender,TRUE,data analytics
Nara,O'Lyhane,511729,1/13/2021,Genderfluid,TRUE,management
Kayla,MacTrustrie,769167,5/15/2020,Agender,TRUE,engineering
Lucio,Spurier,898630,2/14/2020,Female,TRUE,engineering
Salim,Triner,623813,9/22/2020,,FALSE,data analytics
Sosanna,Kubec,637729,09-03-20,Bigender,FALSE,engineering
Randy,Lindegard,528721,7/22/2020,Agender,TRUE,data analytics
Orin,Longwood,694855,1/31/2021,Male,TRUE,engineering
Brennan,Cars,423627,11-04-20,Non-binary,TRUE,engineering
Clarisse,Hallock,325184,4/13/2020,Agender,TRUE,data analytics
Tildie,Waterland,439181,12/22/2020,Polygender,TRUE,marketing
Eveline,Fessby,745692,10-10-20,Non-binary,TRUE,data analytics
Wandie,Jozwiak,144740,05-02-20,Male,TRUE,management
Amble,Hailes,801876,07-01-20,Genderfluid,FALSE,management
Devin,Simacek,584148,10/26/2020,Male,TRUE,engineering
Marlo,Kits,368678,8/28/2020,Genderfluid,TRUE,management
Herb,Briddock,594312,02-09-20,Genderfluid,TRUE,data analytics
Aggie,Rosa,703480,11/29/2020,Female,TRUE,management
Maurise,Aspel,291559,01-10-21,Agender,FALSE,engineering
Pattie,Chicken,471286,8/22/2020,Genderqueer,FALSE,management
Joleen,Augustin,453634,11-11-20,Non-binary,FALSE,management
Aluino,Reyner,419740,06-07-20,Polygender,FALSE,management
Adham,Bennough,907358,6/24/2020,Genderfluid,TRUE,data analytics
Fidel,Cockshot,148025,12/20/2020,Female,TRUE,engineering
Jereme,Dauby,657665,3/21/2020,Genderqueer,TRUE,management
Deonne,Veillard,444583,11/17/2020,Agender,FALSE,data analytics
Dena,Bittlestone,965828,11/15/2020,Female,FALSE,marketing
Sile,Joice,859919,08-03-20,Polygender,TRUE,data analytics
Sheeree,Endrighi,741277,12-10-20,Non-binary,FALSE,management
Jeniece,Pranger,678459,11-09-20,Female,FALSE,management
Gayla,Pexton,924564,01-03-21,Genderqueer,TRUE,data analytics
Eldin,Chessill,841058,08-04-20,Genderqueer,FALSE,data analytics
Christean,Comberbach,925092,4/16/2020,Genderqueer,TRUE,marketing
Shandeigh,Penzer,440657,05-08-20,Genderfluid,TRUE,marketing
Barry,Whittle,164225,9/24/2020,Non-binary,FALSE,engineering
Byrann,Style,406344,1/26/2021,Male,TRUE,engineering
Fabio,Eschalette,197312,12-05-20,Polygender,FALSE,data analytics
Boony,Harriskine,160729,9/16/2020,Genderfluid,TRUE,marketing
Catlee,Levin,435518,05-03-20,Agender,FALSE,marketing
Clarinda,Upsale,765038,05-11-20,Female,TRUE,engineering
Sholom,Sharp,358260,5/21/2020,Genderqueer,TRUE,data analytics
Galvan,Ivamy,793263,07-12-20,Genderfluid,FALSE,marketing
Murry,Kinch,158708,06-03-20,Female,TRUE,marketing
Aaron,Caddens,583629,10-05-20,Female,TRUE,marketing
Nellie,MacCaughey,939492,7/29/2020,Male,TRUE,engineering
Ruy,Blanpein,856035,2/28/2020,Genderqueer,FALSE,management
Olly,Dewerson,918583,09-03-20,Female,TRUE,management
Ellissa,Morcom,764520,2/13/2020,Genderqueer,FALSE,marketing
Alair,Maestrini,922499,,Genderfluid,FALSE,marketing
Vance,Welling,823616,07-12-20,Polygender,TRUE,management
Theodoric,Reedie,715125,4/21/2020,Agender,FALSE,data analytics
Wanids,Gillett,599912,8/15/2020,Agender,TRUE,marketing
Raf,Baythrop,196051,3/28/2020,Male,FALSE,marketing
Guendolen,Maiden,851554,04-11-20,Non-binary,TRUE,engineering
Lilia,Choldcroft,222569,02-12-20,Genderqueer,FALSE,management
Roseann,Osgood,331430,11/17/2020,Bigender,FALSE,marketing
Kali,Plampeyn,348985,8/27/2020,Female,FALSE,management
Kile,Edinboro,991993,8/24/2020,Genderqueer,FALSE,marketing
Donielle,Brandolini,329522,1/23/2021,Male,TRUE,management
Georgy,Hillyatt,768234,06-01-20,Genderfluid,TRUE,engineering
Buffy,Blackly,155633,07-10-20,Polygender,TRUE,management
Morly,Sheppard,994723,1/16/2021,Non-binary,FALSE,engineering
Murray,Lukesch,398520,6/16/2020,Female,TRUE,engineering
Lucien,Durtnel,482986,10/21/2020,Genderqueer,FALSE,data analytics
Berke,Riedel,509234,12-04-20,Male,TRUE,marketing
Efrem,Limbourne,112589,01-02-21,Genderqueer,FALSE,data analytics
Elmer,Racher,952068,5/22/2020,Non-binary,FALSE,marketing
Benoite,Eliasson,767608,8/13/2020,Agender,TRUE,engineering
Mic,Lowry,533140,2/26/2020,Bigender,FALSE,management
Adaline,Cohalan,260075,7/30/2020,Polygender,TRUE,engineering
Ansell,McElwee,547810,03-08-20,Non-binary,FALSE,management
Kendra,Auten,584978,1/30/2021,Polygender,TRUE,marketing
Binny,Keuneke,334201,04-11-20,Polygender,TRUE,data analytics
Brynn,De Brett,217193,9/30/2020,Female,TRUE,data analytics
Mathian,Artus,987505,04-04-20,Bigender,FALSE,engineering
Estel,Kuhlmey,499642,9/25/2020,Female,TRUE,engineering
Ingar,Kilpin,182114,3/22/2020,Genderqueer,FALSE,marketing
Ginni,Oldroyde,858166,10-08-20,Genderfluid,FALSE,data analytics
Clarabelle,Goodbanne,853440,10/27/2020,,FALSE,marketing
Donnell,Lendrem,871936,7/18/2020,Bigender,TRUE,data analytics
Sarene,Tapp,990676,2/16/2020,Bigender,TRUE,data analytics
Seka,Napolitano,244932,11/14/2020,Genderfluid,TRUE,management
Melvin,Forgie,484878,04-12-20,Genderfluid,FALSE,data analytics
Dyane,Keward,386992,01-06-21,Bigender,FALSE,management
Tobie,Ivanyutin,260270,6/27/2020,Agender,TRUE,engineering
Drona,Allone,580355,2/17/2020,Female,FALSE,engineering
Brett,Saintpierre,439284,9/28/2020,Genderfluid,FALSE,marketing
Axe,Hundley,744947,11/22/2020,Genderqueer,TRUE,data analytics
Peirce,Arrell,500360,2/19/2020,Genderfluid,FALSE,marketing
Ranice,Roscoe,625433,9/14/2020,Genderqueer,TRUE,marketing
Brok,Minker,382647,07-08-20,Male,TRUE,engineering
Melodee,Greenhalf,850802,12/28/2020,Genderqueer,FALSE,marketing
Harcourt,Gecks,792616,10-10-20,Male,FALSE,marketing
Mia,Parmiter,558296,06-06-20,Agender,TRUE,marketing
Rory,Cordeau,109305,7/29/2020,Male,FALSE,marketing
Bev,Jelleman,299461,7/19/2020,Male,FALSE,management
Vince,Richley,144118,04-12-20,Genderqueer,FALSE,marketing
Kathryne,Godsal,788949,12/29/2020,Female,FALSE,management
Micky,Cardenas,401490,6/29/2020,Polygender,TRUE,data analytics
Audre,O'Curneen,542744,06-12-20,Bigender,TRUE,data analytics
Sergei,Karpe,107330,6/23/2020,Non-binary,TRUE,marketing
Hillier,Van der Merwe,462333,8/25/2020,Female,FALSE,management
Finlay,Crews,419210,1/24/2021,Genderfluid,FALSE,engineering
Roxine,Arnely,484685,05-09-20,,TRUE,engineering
Chauncey,McConachie,473067,07-04-20,Polygender,TRUE,data analytics
Kai,Laxe,660626,10-03-20,Genderfluid,TRUE,management
Esta,Howie,962996,10-07-20,Non-binary,FALSE,engineering
Terrie,Charlon,361355,11/30/2020,Bigender,TRUE,management
Hermine,Flippelli,905976,04-05-20,,TRUE,marketing
Leontine,Bryenton,601057,07-08-20,Polygender,TRUE,marketing
Rutter,Murford,375288,08-12-20,Genderqueer,TRUE,data analytics
Bill,Fasler,888672,4/20/2020,Agender,TRUE,engineering
Nollie,McKew,306533,2/24/2020,Bigender,FALSE,data analytics
Kristoforo,Lindenstrauss,427075,01-05-21,Bigender,FALSE,data analytics
Traci,Costin,889648,05-01-20,Female,TRUE,management
Marlyn,Crowcroft,148106,1/24/2021,Polygender,TRUE,engineering
Sonia,Idwal Evans,601128,09-07-20,Male,FALSE,management
Aluin,Taggert,835492,10/21/2020,Female,TRUE,management
Gray,Whitley,702445,07-08-20,Genderfluid,TRUE,management
Nellie,Paulot,960906,1/17/2021,Non-binary,TRUE,data analytics
Krissie,Cromwell,437549,8/22/2020,Bigender,FALSE,management
Bevon,Hlavac,535356,06-09-20,Polygender,TRUE,data analytics
Tyrone,Duffie,392867,02-03-20,Polygender,TRUE,management
Christine,Guidoni,164201,9/25/2020,Bigender,TRUE,marketing
Ondrea,Philipson,974123,10-06-20,Polygender,FALSE,marketing
Alfy,Dorwood,640729,05-02-20,Genderqueer,TRUE,data analytics
Danell,MacTrustram,820111,05-06-20,Female,FALSE,engineering
Sutherland,Loadwick,120513,02-12-20,Polygender,FALSE,engineering
Doretta,Duggon,375415,8/23/2020,Non-binary,TRUE,marketing
Binnie,Fawke,210762,8/22/2020,Polygender,TRUE,data analytics
Gael,Potts,572950,05-12-20,Male,FALSE,data analytics
Floyd,Laverock,442961,07-02-20,Genderqueer,TRUE,marketing
Corabelle,Foch,672608,9/28/2020,Agender,FALSE,data analytics
Othelia,Harling,867761,10/13/2020,Agender,FALSE,marketing
Ashla,Schulz,852979,8/31/2020,Female,FALSE,data analytics
Meagan,Sodo,805772,11/28/2020,Male,FALSE,engineering
Bettina,Thring,459440,05-07-20,Polygender,FALSE,data analytics
Markos,Breazeall,300336,2/27/2020,Polygender,FALSE,data analytics
Nat,Tongs,646883,10-03-20,Female,FALSE,data analytics
Freda,Lighten,748140,7/18/2020,Agender,TRUE,management
Patrizius,Riddler,819890,10/21/2020,Genderqueer,FALSE,data analytics
Desi,Grasha,918029,8/16/2020,Genderfluid,TRUE,engineering
Gabriell,MacNockater,302650,11-03-20,Female,TRUE,marketing
Kennett,Franzonello,580290,07-07-20,Non-binary,TRUE,engineering
Ola,Dautry,804650,8/20/2020,Agender,TRUE,engineering
Bourke,Holby,661107,6/25/2020,Bigender,TRUE,data analytics
Freeman,Domsalla,700539,04-02-20,Non-binary,FALSE,data analytics
Bruis,Hazzard,818218,7/28/2020,Female,FALSE,management
Theda,Sharpe,739171,5/29/2020,Bigender,TRUE,engineering
Ariana,Glendza,221789,06-03-20,Polygender,FALSE,data analytics
Nan,McMahon,472899,04-08-20,Agender,TRUE,marketing
Esra,Rozea,380935,06-02-20,Genderfluid,FALSE,marketing
Kim,Cotgrave,828880,8/31/2020,Agender,FALSE,data analytics
Reeta,Nurse,447882,8/20/2020,Male,TRUE,data analytics
Niki,Ivanin,132578,10/27/2020,Female,FALSE,marketing
Carney,Blore,551939,05-06-20,Female,FALSE,management
Antonius,Rickardsson,291223,9/24/2020,Non-binary,TRUE,data analytics
Audrie,Muddicliffe,274804,2/16/2020,,FALSE,management
Huntlee,Fortman,329453,9/25/2020,Bigender,FALSE,data analytics
Ariana,Culverhouse,901497,12-04-20,Female,FALSE,engineering
Wilma,Raittie,382770,10/15/2020,Non-binary,TRUE,marketing
Robinet,Skeeles,422536,3/25/2020,Genderqueer,FALSE,management
Brandyn,Sprowles,654535,09-06-20,Non-binary,TRUE,data analytics
Roy,Axworthy,597997,8/25/2020,Female,FALSE,marketing
Jenny,Ballentime,741738,5/20/2020,Bigender,FALSE,data analytics
Myra,Bidewell,908477,08-07-20,Genderfluid,FALSE,data analytics
Ysabel,Stollmeyer,649625,10/18/2020,Polygender,FALSE,management
Ashby,Threadgold,140806,12/28/2020,Genderfluid,FALSE,management
Justino,Asquith,950280,10/26/2020,Genderqueer,FALSE,management
Jerald,Penella,862555,09-08-20,Female,FALSE,engineering
Aubrie,Hunt,549364,3/29/2020,Polygender,FALSE,data analytics
